{
  "summary": {
    "logreg": {
      "test": {
        "accuracy": {
          "mean": 0.7287059754077829,
          "std": 0.0041678191971533446
        },
        "precision": {
          "mean": 0.7594726455315947,
          "std": 0.004004179488033861
        },
        "recall": {
          "mean": 0.6609871378874954,
          "std": 0.010632361489937518
        },
        "f1_score": {
          "mean": 0.7067644215135322,
          "std": 0.006264826207085441
        },
        "auc_roc": {
          "mean": 0.7931719687787944,
          "std": 0.0043922856624482665
        }
      }
    },
    "xgb": {
      "test": {
        "accuracy": {
          "mean": 0.7348929284376959,
          "std": 0.0020460921816862552
        },
        "precision": {
          "mean": 0.7550845657054028,
          "std": 0.004046536440915846
        },
        "recall": {
          "mean": 0.68699963968108,
          "std": 0.0029523352175639794
        },
        "f1_score": {
          "mean": 0.7194218445338008,
          "std": 0.0016514417243019574
        },
        "auc_roc": {
          "mean": 0.7999638418758246,
          "std": 0.002087728058401287
        }
      }
    },
    "hgbt": {
      "test": {
        "accuracy": {
          "mean": 0.7343397077672196,
          "std": 0.0022638102871047907
        },
        "precision": {
          "mean": 0.753184020894987,
          "std": 0.004682061557640106
        },
        "recall": {
          "mean": 0.6888236925146927,
          "std": 0.008905390846365734
        },
        "f1_score": {
          "mean": 0.7195103928900135,
          "std": 0.0037358652758122603
        },
        "auc_roc": {
          "mean": 0.8001698270401979,
          "std": 0.00222271799817388
        }
      }
    },
    "mlp": {
      "test": {
        "accuracy": {
          "mean": 0.6390470372036059,
          "std": 0.06470627239357016
        },
        "precision": {
          "mean": 0.6551472929269346,
          "std": 0.1094075910817391
        },
        "recall": {
          "mean": 0.7599169577895174,
          "std": 0.24716591277352268
        },
        "f1_score": {
          "mean": 0.6560796015113752,
          "std": 0.11161102148515437
        },
        "auc_roc": {
          "mean": 0.789586338948211,
          "std": 0.0038126454951063382
        }
      }
    }
  }
}